fecha_radar,departamento_codigo,departamento,evento_id,accion,nivel,notificado,canales_ok,motivo,area_lluvia_km2,area_moderada_km2,area_fuerte_km2,area_muy_fuerte_km2,pct_departamento,dbz_max,acum_1h_max_mm,municipio_acum_1h_max,acum_evento_max_mm,prom_municipal_1h_max_mm,municipio_prom_max,duracion_min,desplazamiento,rayos_15min,municipios,mensaje
2026-10-01 00:00,18,Caquetá,18-20260930-1950,fin,amarilla,si,,,655,0,0,0,0.3,25,2.7,Solano,0.0,0.1,Solano,0,,57,Solano,"✅ *FIN DE ALERTA DE LLUVIA · CAQUETÁ*
La lluvia significativa disminuyó hacia las 11:40 p. m. (30 sep).
Duración aproximada: ~3 h 50 min · nivel máximo: amarillo 🟡
Antes de retomar labores, verifique el estado del suelo y de los drenajes.
_FENALCE · Equipo de Agroclimatología_"
2026-10-01 00:00,76,Valle del Cauca,76-20260930-2310,inicio,amarilla,si,,amarilla: lluvia moderada en 242 km² (umbral 200),865,242,0,0,2.5,30,4.3,Zarzal,4.3,1.6,Alcalá,60,sur 0 km/h,94,Alcalá; Ulloa; Sevilla; Caicedonia; Obando; La Victoria; Zarzal,"🚨 *ALERTA DE LLUVIA · VALLE DEL CAUCA*
🟡 *Nivel amarillo:* lluvia moderada a fuerte localizada
🕘 Radar de las 12:00 a. m. (1 oct)

🌧️ *Intensidad:* moderada, hasta ~4 mm/h
📍 *Zona:* sector nororiente (Alcalá, Ulloa, Sevilla, Caicedonia, Obando, La Victoria y 1 más)
🗺️ *Extensión:* lluvia sobre ~500 km² (2 % del departamento)
⏱️ *Duración:* lleva ~1 h
💧 *Cantidad:* hasta ~4 mm en la última hora (Zarzal)
🧭 *Desplazamiento:* casi estacionaria
💨 *Viento:* del suroriente, 4 km/h (ráfagas de 14 km/h)
⚡ *Actividad eléctrica:* 94 rayos en los últimos 15 min (satélite GOES)

*Recomendaciones:*
• Se sugiere aplazar aplicaciones de agroquímicos si la lluvia llega en las próximas horas (riesgo de lavado).
• Consultar el radar antes de programar labores de campo.

📡 Radar en vivo (plataforma en versión beta): https://agroclima-fenalce-portal.vercel.app/
_FENALCE · Equipo de Agroclimatología. Valores estimados por radar, aproximados; no reemplazan los avisos oficiales del IDEAM._"
2026-10-01 00:10,13,Bolívar,13-20260930-1340,fin,amarilla,si,,,188,0,0,0,0.0,25,6.2,Santa Rosa del Sur,0.0,0.4,San Jacinto del Cauca,0,,0,Regidor; San Jacinto del Cauca; Montecristo,"✅ *FIN DE ALERTA DE LLUVIA · BOLÍVAR*
La lluvia significativa disminuyó hacia las 11:50 p. m. (30 sep).
Duración aproximada: ~10 h 10 min · nivel máximo: amarillo 🟡
Antes de retomar labores, verifique el estado del suelo y de los drenajes.
_FENALCE · Equipo de Agroclimatología_"
2026-10-01 00:10,27,Chocó,27-20261001-0000,inicio,amarilla,si,,amarilla: lluvia moderada en 264 km² (umbral 200),1454,264,0,0,1.1,30,2.2,Cértegui,2.0,0.9,San José del Palmar,20,,7,Unión Panamericana; Río Iró; Tadó; Cértegui,"🚨 *ALERTA DE LLUVIA · CHOCÓ*
🟡 *Nivel amarillo:* lluvia moderada a fuerte localizada
🕘 Radar de las 12:10 a. m. (1 oct)

🌧️ *Intensidad:* moderada, hasta ~4 mm/h
📍 *Zona:* sector suroriente (Unión Panamericana, Río Iró, Tadó y Cértegui)
🗺️ *Extensión:* lluvia sobre ~550 km² (1 % del departamento)
⏱️ *Duración:* lleva ~20 min
💧 *Cantidad:* hasta ~2 mm en la última hora (Cértegui)
💨 *Viento:* del suroriente, 4 km/h
⚡ *Actividad eléctrica:* 7 rayos en los últimos 15 min (satélite GOES)

*Recomendaciones:*
• Se sugiere aplazar aplicaciones de agroquímicos si la lluvia llega en las próximas horas (riesgo de lavado).
• Consultar el radar antes de programar labores de campo.

📡 Radar en vivo (plataforma en versión beta): https://agroclima-fenalce-portal.vercel.app/
_FENALCE · Equipo de Agroclimatología. Valores estimados por radar, aproximados; no reemplazan los avisos oficiales del IDEAM._"
2026-10-01 00:30,66,Risaralda,66-20261001-0020,inicio,amarilla,si,,amarilla: lluvia moderada en 239 km² (umbral 200),618,239,0,0,13.0,35,2.1,Pereira,2.0,0.8,Dosquebradas,20,,44,Dosquebradas; Marsella; Pereira,"🚨 *ALERTA DE LLUVIA · RISARALDA*
🟡 *Nivel amarillo:* lluvia moderada a fuerte localizada
🕘 Radar de las 12:30 a. m. (1 oct)

🌧️ *Intensidad:* moderada, hasta ~8 mm/h
📍 *Zona:* sector suroriente (Dosquebradas, Marsella y Pereira)
🗺️ *Extensión:* lluvia sobre ~450 km² (~15 % del departamento)
⏱️ *Duración:* lleva ~20 min
💧 *Cantidad:* hasta ~2 mm en la última hora (Pereira)
💨 *Viento:* en calma
⚡ *Actividad eléctrica:* 44 rayos en los últimos 15 min (satélite GOES)

*Recomendaciones:*
• Se sugiere aplazar aplicaciones de agroquímicos si la lluvia llega en las próximas horas (riesgo de lavado).
• Consultar el radar antes de programar labores de campo.

📡 Radar en vivo (plataforma en versión beta): https://agroclima-fenalce-portal.vercel.app/
_FENALCE · Equipo de Agroclimatología. Valores estimados por radar, aproximados; no reemplazan los avisos oficiales del IDEAM._"
2026-10-01 00:40,50,Meta,50-20261001-0020,inicio,amarilla,si,,amarilla: lluvia moderada en 344 km² (umbral 200),839,344,0,0,0.7,35,3.6,La Macarena,3.3,0.1,La Macarena,30,,235,La Macarena,"🚨 *ALERTA DE LLUVIA · META*
🟡 *Nivel amarillo:* lluvia moderada a fuerte localizada
🕘 Radar de las 12:40 a. m. (1 oct)

🌧️ *Intensidad:* moderada, hasta ~8 mm/h
📍 *Zona:* sector suroccidente (La Macarena)
🗺️ *Extensión:* lluvia sobre ~600 km²
⏱️ *Duración:* lleva ~30 min
💧 *Cantidad:* hasta ~4 mm en la última hora (La Macarena)
💨 *Viento:* del nororiente, 9 km/h (ráfagas de 30 km/h)
⚡ *Actividad eléctrica:* 235 rayos en los últimos 15 min (satélite GOES)

*Recomendaciones:*
• Se sugiere aplazar aplicaciones de agroquímicos si la lluvia llega en las próximas horas (riesgo de lavado).
• Consultar el radar antes de programar labores de campo.

📡 Radar en vivo (plataforma en versión beta): https://agroclima-fenalce-portal.vercel.app/
_FENALCE · Equipo de Agroclimatología. Valores estimados por radar, aproximados; no reemplazan los avisos oficiales del IDEAM._"
2026-10-01 00:50,95,Guaviare,95-20261001-0040,inicio,amarilla,si,,amarilla: lluvia moderada en 547 km² (umbral 200),808,547,0,0,1.4,35,2.5,San José del Guaviare,2.0,0.0,San José del Guaviare,20,,77,San José del Guaviare; Calamar,"🚨 *ALERTA DE LLUVIA · GUAVIARE*
🟡 *Nivel amarillo:* lluvia moderada a fuerte localizada
🕘 Radar de las 12:50 a. m. (1 oct)

🌧️ *Intensidad:* moderada, hasta ~8 mm/h
📍 *Zona:* sector occidente (San José del Guaviare y Calamar)
🗺️ *Extensión:* lluvia sobre ~750 km² (1 % del departamento)
⏱️ *Duración:* lleva ~20 min
💧 *Cantidad:* hasta ~2 mm en la última hora (San José del Guaviare)
💨 *Viento:* del nororiente, 9 km/h (ráfagas de 19 km/h)
⚡ *Actividad eléctrica:* 77 rayos en los últimos 15 min (satélite GOES)

*Recomendaciones:*
• Se sugiere aplazar aplicaciones de agroquímicos si la lluvia llega en las próximas horas (riesgo de lavado).
• Consultar el radar antes de programar labores de campo.

📡 Radar en vivo (plataforma en versión beta): https://agroclima-fenalce-portal.vercel.app/
_FENALCE · Equipo de Agroclimatología. Valores estimados por radar, aproximados; no reemplazan los avisos oficiales del IDEAM._"
2026-10-01 01:00,27,Chocó,27-20261001-0000,fin,amarilla,si,,,1347,0,0,0,0.8,25,3.2,Tadó,0.0,1.4,Río Iró,0,,0,Unión Panamericana; Río Iró; Condoto; Tadó; Cértegui; Nóvita; San José del Palmar; Sipí; El Cantón del San Pablo; Istmina,"✅ *FIN DE ALERTA DE LLUVIA · CHOCÓ*
La lluvia significativa disminuyó hacia las 12:40 a. m. (1 oct).
Duración aproximada: ~40 min · nivel máximo: amarillo 🟡
Antes de retomar labores, verifique el estado del suelo y de los drenajes.
_FENALCE · Equipo de Agroclimatología_"
2026-10-01 01:10,25,Cundinamarca,25-20261001-0030,inicio,amarilla,si,,amarilla: lluvia fuerte en 27 km² (umbral 25),1625,166,27,0,1.7,40,21.2,Puerto Salgar,21.2,1.3,Nariño,50,sur 0 km/h,69,Nariño; Girardot; Puerto Salgar; Yacopí,"🚨 *ALERTA DE LLUVIA · CUNDINAMARCA*
🟡 *Nivel amarillo:* lluvia moderada a fuerte localizada
🕘 Radar de las 1:10 a. m. (1 oct)

🌧️ *Intensidad:* fuerte, núcleos de hasta ~17 mm/h
📍 *Zona:* sector noroccidente (Nariño, Girardot, Puerto Salgar y Yacopí)
🗺️ *Extensión:* lluvia sobre ~400 km² (2 % del departamento); fuerte en ~27 km²
⏱️ *Duración:* lleva ~50 min
💧 *Cantidad:* hasta ~21 mm en la última hora (Puerto Salgar)
🧭 *Desplazamiento:* casi estacionaria
💨 *Viento:* en calma (ráfagas de 17 km/h)
⚡ *Actividad eléctrica:* 69 rayos en los últimos 15 min (satélite GOES)

*Recomendaciones:*
• Se sugiere aplazar aplicaciones de agroquímicos si la lluvia llega en las próximas horas (riesgo de lavado).
• Consultar el radar antes de programar labores de campo.

📡 Radar en vivo (plataforma en versión beta): https://agroclima-fenalce-portal.vercel.app/
_FENALCE · Equipo de Agroclimatología. Valores estimados por radar, aproximados; no reemplazan los avisos oficiales del IDEAM._"
2026-10-01 01:10,73,Tolima,73-20261001-0020,inicio,amarilla,si,,amarilla: lluvia moderada en 327 km² (umbral 200),3906,327,0,0,5.4,35,3.4,Alvarado,3.4,1.6,Alvarado,60,sur 0 km/h,907,Coello; Prado; Alvarado; Piedras; Purificación; Ibagué; Coyaima,"🚨 *ALERTA DE LLUVIA · TOLIMA*
🟡 *Nivel amarillo:* lluvia moderada a fuerte localizada
🕘 Radar de las 1:10 a. m. (1 oct)

🌧️ *Intensidad:* moderada, hasta ~8 mm/h
📍 *Zona:* sector nororiente (Coello, Prado, Alvarado, Piedras, Purificación, Ibagué y 1 más)
🗺️ *Extensión:* lluvia sobre ~1.300 km² (~5 % del departamento)
⏱️ *Duración:* lleva ~1 h
💧 *Cantidad:* hasta ~3 mm en la última hora (Alvarado)
🧭 *Desplazamiento:* casi estacionaria
💨 *Viento:* del norte, 25 km/h (ráfagas de 49 km/h)
⚡ *Actividad eléctrica:* 907 rayos en los últimos 15 min (satélite GOES)

*Recomendaciones:*
• Se sugiere aplazar aplicaciones de agroquímicos si la lluvia llega en las próximas horas (riesgo de lavado).
• Consultar el radar antes de programar labores de campo.

📡 Radar en vivo (plataforma en versión beta): https://agroclima-fenalce-portal.vercel.app/
_FENALCE · Equipo de Agroclimatología. Valores estimados por radar, aproximados; no reemplazan los avisos oficiales del IDEAM._"
2026-10-01 01:20,76,Valle del Cauca,76-20260930-2310,fin,amarilla,si,,,2057,0,0,0,2.5,25,3.9,La Victoria,0.0,2.0,La Victoria,0,,26,La Unión; Toro; Zarzal; Ulloa; Cartago; Roldanillo; Alcalá; Caicedonia; La Victoria; Obando; Ansermanuevo; Sevilla; Versalles; El Dovio; Bolívar,"✅ *FIN DE ALERTA DE LLUVIA · VALLE DEL CAUCA*
La lluvia significativa disminuyó hacia las 1:00 a. m. (1 oct).
Duración aproximada: ~1 h 50 min · nivel máximo: amarillo 🟡
Antes de retomar labores, verifique el estado del suelo y de los drenajes.
_FENALCE · Equipo de Agroclimatología_"
