hora,codigo,departamento,nivel,puntaje,rayos,frio40,frio60,lluvia_km2,lluvia_moderada_km2,municipios,llueve_en
2026-10-02 10:50,23,Córdoba,ALTA,10,84,14206,8752,3520,1337,Ayapel|Pueblo Nuevo|Buenavista|La Apartada,Ayapel|Pueblo Nuevo|Buenavista|La Apartada
2026-10-02 10:50,99,Vichada,ALTA,10,229,8474,3471,0,0,Puerto Carreño|Cumaribo,
2026-10-02 10:50,81,Arauca,MEDIA,9,5,3397,573,0,0,Cravo Norte|Arauca,
2026-10-02 10:50,05,Antioquia,MEDIA,8,0,18086,7107,3838,1212,Caucasia|Cáceres|El Bagre|Zaragoza,Caucasia|Cáceres|El Bagre|Zaragoza
2026-10-02 10:50,27,Chocó,MEDIA,8,0,10439,3177,0,0,El Litoral del San Juan|Bajo Baudó|Riosucio|Istmina,
2026-10-02 10:50,52,Nariño,MEDIA,8,0,15220,326,0,0,Francisco Pizarro|Mosquera|Roberto Payán,
2026-10-02 10:50,70,Sucre,MEDIA,8,3,2165,870,257,47,San Marcos|San Benito Abad,San Marcos|San Benito Abad
2026-10-02 10:50,76,Valle del Cauca,MEDIA,8,0,5025,1329,19,0,Sevilla|Buenaventura,Sevilla
2026-10-02 10:50,18,Caquetá,MEDIA,7,0,8820,338,0,0,El Paujíl|San Vicente del Caguán|El Doncello,
2026-10-02 10:50,25,Cundinamarca,MEDIA,7,0,3716,817,1182,103,Paratebueno|Medina|Gachetá|Guaduas,Paratebueno|Medina|Gachetá|Guaduas
2026-10-02 10:50,73,Tolima,MEDIA,7,3,1509,370,1259,203,San Sebastián de Mariquita|Ibagué|Fresno|Armero,San Sebastián de Mariquita|Ibagué|Fresno|Armero
2026-10-02 10:50,13,Bolívar,MEDIA,6,0,4608,2020,238,0,Montecristo|Santa Rosa del Sur,Montecristo|Santa Rosa del Sur
2026-10-02 10:50,19,Cauca,MEDIA,6,0,10763,182,0,0,El Tambo|López de Micay,
2026-10-02 10:50,50,Meta,MEDIA,6,2,6327,141,5250,1708,Cabuyaro|Vistahermosa|Villavicencio|San Carlos de Guaroa,Cabuyaro|Vistahermosa|Villavicencio|San Carlos de Guaroa
2026-10-02 10:50,86,Putumayo,MEDIA,5,0,8527,118,0,0,Puerto Leguízamo|Puerto Asís,
2026-10-02 10:50,17,Caldas,MEDIA,4,10,203,0,684,406,Pensilvania|Samaná|Marquetalia|Manzanares,Pensilvania|Samaná|Marquetalia|Manzanares
2026-10-02 10:50,85,Casanare,MEDIA,4,0,1156,0,3194,1578,Tauramena|Villanueva|Maní|Monterrey,Tauramena|Villanueva|Maní|Monterrey
2026-10-02 10:50,15,Boyacá,MEDIA,3,0,2070,0,0,0,Pesca|Chiscas|Toca|Sotaquirá,
2026-10-02 10:50,54,Norte de Santander,MEDIA,3,0,1190,0,0,0,Chitagá|Silos|Ábrego|Cáchira,
2026-10-02 10:50,68,Santander,MEDIA,3,0,1711,0,0,0,Barrancabermeja|Cerrito|Puerto Parra|Girón,
2026-10-02 10:50,08,Atlántico,BAJA,2,0,0,0,0,0,,
2026-10-02 10:50,20,Cesar,BAJA,2,0,181,0,0,0,San Martín|San Alberto,
2026-10-02 10:50,95,Guaviare,BAJA,2,0,140,0,0,0,San José del Guaviare,
2026-10-02 10:50,41,Huila,BAJA,1,0,3,0,0,0,,
2026-10-02 10:50,44,La Guajira,BAJA,1,0,0,0,0,0,,
2026-10-02 10:50,47,Magdalena,BAJA,1,0,0,0,0,0,,
2026-10-02 10:50,63,Quindío,BAJA,0,0,0,0,0,0,,
2026-10-02 10:50,66,Risaralda,BAJA,0,0,22,0,0,0,,
2026-10-02 11:00,23,Córdoba,ALTA,10,55,14496,9663,2946,675,Ayapel|Pueblo Nuevo|La Apartada|Buenavista,Ayapel|Pueblo Nuevo|La Apartada|Buenavista
2026-10-02 11:00,99,Vichada,ALTA,10,178,9098,3573,0,0,Puerto Carreño|Cumaribo,
2026-10-02 11:00,81,Arauca,MEDIA,9,5,3916,840,0,0,Arauca|Cravo Norte,
2026-10-02 11:00,05,Antioquia,MEDIA,8,0,18133,7115,3527,615,Caucasia|Cáceres|Zaragoza|El Bagre,Caucasia|Cáceres|Zaragoza|El Bagre
2026-10-02 11:00,50,Meta,MEDIA,8,10,6826,144,4809,1217,Cabuyaro|Villavicencio|Barranca de Upía|Vistahermosa,Cabuyaro|Villavicencio|Barranca de Upía|Vistahermosa
2026-10-02 11:00,76,Valle del Cauca,MEDIA,8,0,5049,1463,0,0,Buenaventura|Dagua|Calima|Cali,
2026-10-02 11:00,13,Bolívar,MEDIA,7,1,4533,1760,310,0,Santa Rosa del Sur|Montecristo,Santa Rosa del Sur|Montecristo
2026-10-02 11:00,18,Caquetá,MEDIA,7,0,9770,274,0,0,El Paujíl|San Vicente del Caguán,
2026-10-02 11:00,19,Cauca,MEDIA,7,0,10562,109,0,0,El Tambo|López de Micay|Timbiquí|Guapi,
2026-10-02 11:00,25,Cundinamarca,MEDIA,7,0,3980,908,1333,385,Paratebueno|Medina|Guaduas|Machetá,Paratebueno|Medina|Guaduas|Machetá
2026-10-02 11:00,27,Chocó,MEDIA,7,0,10756,2949,107,0,Tadó|Río Iró,Tadó|Río Iró
2026-10-02 11:00,52,Nariño,MEDIA,7,0,15889,73,0,0,Mosquera|Magüí|Barbacoas|Roberto Payán,
2026-10-02 11:00,68,Santander,MEDIA,6,0,2080,0,0,0,Barrancabermeja|Puerto Parra|Cerrito|Concepción,
2026-10-02 11:00,70,Sucre,MEDIA,6,1,2297,1022,268,0,San Marcos|Caimito|La Unión|San Benito Abad,San Marcos
2026-10-02 11:00,85,Casanare,MEDIA,5,0,1159,0,2913,978,Villanueva|Tauramena|Monterrey|Maní,Villanueva|Tauramena|Monterrey|Maní
2026-10-02 11:00,15,Boyacá,MEDIA,4,0,2577,0,13,0,Pesca|Chiscas|Rondón|Güicán de la Sierra,
2026-10-02 11:00,73,Tolima,MEDIA,4,0,1382,156,1139,98,Ibagué|San Sebastián de Mariquita|Fresno|Honda,Ibagué|San Sebastián de Mariquita|Fresno|Honda
2026-10-02 11:00,86,Putumayo,MEDIA,4,0,7049,18,0,0,Puerto Leguízamo|Puerto Asís|Orito|Valle del Guamuez,
2026-10-02 11:00,95,Guaviare,MEDIA,4,0,208,0,0,0,San José del Guaviare,
2026-10-02 11:00,54,Norte de Santander,MEDIA,3,0,1141,0,0,0,Chitagá|Silos|Ábrego|Cácota,
2026-10-02 11:00,08,Atlántico,BAJA,2,0,0,0,0,0,,
2026-10-02 11:00,17,Caldas,BAJA,2,3,219,4,1358,501,Pensilvania|Samaná|Manzanares|Marquetalia,Pensilvania|Samaná|Manzanares|Marquetalia
2026-10-02 11:00,20,Cesar,BAJA,2,0,225,0,0,0,San Martín|San Alberto,
2026-10-02 11:00,41,Huila,BAJA,1,0,0,0,0,0,,
2026-10-02 11:00,44,La Guajira,BAJA,1,0,0,0,0,0,,
2026-10-02 11:00,47,Magdalena,BAJA,1,0,0,0,0,0,,
2026-10-02 11:00,63,Quindío,BAJA,0,0,0,0,0,0,,
2026-10-02 11:00,66,Risaralda,BAJA,0,0,40,0,0,0,Quinchía,
